{
  "train_loss": [
    1.4829752743244171,
    1.4448900908231734,
    1.3751444548368454,
    1.3263287663459777,
    1.2924922406673431,
    1.2746259599924088,
    1.2613295257091521,
    1.2426807880401611,
    1.2281683534383774,
    1.215184247493744,
    1.2039413452148438,
    1.1935581296682358,
    1.1860003858804702,
    1.1778437495231628,
    1.1706020951271057,
    1.1637810498476029,
    1.1571871280670165,
    1.1511160492897035,
    1.1456027299165725,
    1.1402144700288772
  ],
  "train_iou": [
    0.00849788474360341,
    0.0012997525295944377,
    0.05000002563611211,
    0.12500000061634725,
    0.15000000044507922,
    0.050000000700258826,
    0.20000000065361329,
    0.05000000054569901,
    6.261510393512637e-10,
    0.05000000065546835,
    0.10000000063033258,
    0.05000000072803486,
    0.12500000076902296,
    0.12500000063559674,
    0.12500000062584576,
    0.15000000057254154,
    0.07500000053586785,
    0.10000000064982986,
    0.05000000070925851,
    0.10000000050720839
  ],
  "train_f1": [
    0.016791501214706222,
    0.002590656573945585,
    0.0500000274022955,
    0.12499994162804855,
    0.1499999293645839,
    0.0499999775586584,
    0.19999990593979353,
    0.04999997724953906,
    1.252300885212776e-09,
    0.04999997746907754,
    0.09999995357694817,
    0.049999977614210385,
    0.12499994193339962,
    0.12499994166654745,
    0.12499994164704556,
    0.14999992961950812,
    0.07499996530894776,
    0.09999995361594259,
    0.04999997757665768,
    0.09999995333070003
  ],
  "val_loss": [
    1.4747212171554565,
    1.3540179014205933,
    1.324747133255005,
    1.2980234980583192,
    1.2584417939186097,
    1.2644832134246826,
    1.2495221138000487,
    1.237920081615448,
    1.2227524518966675,
    1.2075703263282775,
    1.2046725273132324,
    1.1858103275299072,
    1.1816754937171936,
    1.1806735157966615,
    1.166498339176178,
    1.1604782104492188,
    1.1593666553497315,
    1.139956259727478,
    1.1393925309181214,
    1.1456029295921326
  ],
  "val_iou": [
    0.0013225238658704842,
    7.720235006836162e-10,
    6.333300661687246e-10,
    0.20000000052839306,
    0.20000000052821915,
    6.74232286668186e-10,
    5.474351694179092e-10,
    0.10000000089467229,
    7.087382861148406e-10,
    0.10000000058377272,
    6.031784322013678e-10,
    8.068125806337534e-10,
    0.10000000075663473,
    7.748265640206142e-10,
    0.2000000005019113,
    0.10000000048190713,
    1.0073798628607023e-09,
    6.267480506805257e-10,
    0.1000000005564319,
    0.20000000052744227
  ],
  "val_f1": [
    0.0026392086982344395,
    1.5440455025661493e-09,
    1.2666589221943526e-09,
    0.19999990568935355,
    0.19999990568900572,
    1.3484632965798937e-09,
    1.0948693063284054e-09,
    0.09999995410562704,
    1.4174752094309185e-09,
    0.09999995348382859,
    1.20635570977079e-09,
    1.6136236236086177e-09,
    0.09999995382955218,
    1.5496516403423754e-09,
    0.19999990563639003,
    0.09999995328009761,
    2.0147577939333415e-09,
    1.25349491897353e-09,
    0.09999995342914693,
    0.19999990568745188
  ]
}